time,action,price,size_oz,pnl,balance
2026-08-25T13:00:00-04:00,BUY,4705.8,0.2125,0.0,10000.0
2026-08-25T15:00:00-04:00,SELL (stop_loss/trailing),4716.15,0.2125,2.2,10002.2
2026-08-28T05:00:00-04:00,BUY,4658.7,0.21465,0.0,10002.2
2026-08-28T07:00:00-04:00,SELL (stop_loss/trailing),4647.05,0.21465,-2.5,9999.7
2026-08-28T09:00:00-04:00,BUY,4657.5,0.21471,0.0,9999.7
2026-08-28T10:00:00-04:00,SELL (stop_loss/trailing),4678.62,0.21471,4.54,10004.23
2026-09-02T10:00:00-04:00,BUY,4424.2,0.22603,0.0,10004.23
2026-09-02T11:00:00-04:00,SELL (stop_loss/trailing),4413.14,0.22603,-2.5,10001.73
2026-09-09T04:00:00-04:00,BUY,4444.6,0.22499,0.0,10001.73
2026-09-09T05:00:00-04:00,SELL (stop_loss/trailing),4433.49,0.22499,-2.5,9999.23
2026-09-11T08:00:00-04:00,BUY,4430.3,0.22572,0.0,9999.23
2026-09-11T09:00:00-04:00,SELL (stop_loss/trailing),4436.01,0.22572,1.29,10000.52
2026-09-15T15:00:00-04:00,BUY,4337.3,0.23056,0.0,10000.52
2026-09-15T18:00:00-04:00,SELL (signal_exit),4329.2,0.23056,-1.87,9998.66
2026-09-15T22:00:00-04:00,BUY,4362.1,0.22925,0.0,9998.66
2026-09-15T23:00:00-04:00,SELL (stop_loss/trailing),4373.14,0.22925,2.53,10001.19
2026-09-17T06:00:00-04:00,BUY,4363.7,0.22916,0.0,10001.19
2026-09-17T07:00:00-04:00,SELL (stop_loss/trailing),4384.71,0.22916,4.82,10006.0
2026-09-22T14:00:00-04:00,BUY,4390.9,0.22774,0.0,10006.0
2026-09-22T15:00:00-04:00,SELL (stop_loss/trailing),4400.78,0.22774,2.25,10008.25
